word,index
im,0
selfish,1
impatient,2
little,3
insecure,4
make,5
mistakes,6
control,7
time,8
hard,9
handle,10
cant,11
worst,12
sure,13
hell,14
deserve,15
best,16
gotta,17
dance,18
like,19
theres,20
nobody,21
watchinglove,22
never,23
hurtsing,24
listeningand,25
live,26
heaven,27
earth,28
know,29
love,30
fall,31
asleep,32
reality,33
finally,34
better,35
dream,36
friend,37
someone,38
still,39
darkness,40
cannot,41
drive,42
light,43
hate,44
accept,45
think,46
life,47
truly,48
believe,49
find,50
completely,51
turn,52
world,53
around,54
tell,55
things,56
share,57
another,58
soul,59
absorb,60
everything,61
say,62
actually,63
want,64
hear,65
hope,66
future,67
come,68
true,69
goals,70
achieve,71
many,72
disappointments,73
throw,74
something,75
wonderful,76
happen,77
wait,78
excitement,79
embarrassed,80
cry,81
hurt,82
laugh,83
fool,84
feelings,85
feel,86
good,87
enough,88
rather,89
build,90
show,91
special,92
even,93
beautiful,94
pressure,95
jealousy,96
competition,97
quiet,98
calmness,99
worry,100
seem,101
insignificant,102
people,103
note,104
song,105
walk,106
become,107
invaluable,108
treasures,109
keep,110
safe,111
heart,112
cherish,113
forever,114
memories,115
childhood,116
back,117
clear,118
vivid,119
young,120
colour,121
brighter,122
brilliant,123
laughter,124
part,125
daily,126
infrequent,127
exist,128
phone,129
call,130
two,131
day,132
help,133
get,134
long,135
days,136
work,137
always,138
bring,139
smile,140
face,141
presence,142
need,143
continuous,144
conversation,145
quite,146
content,147
nearby,148
interest,149
fascinating,150
important,151
person,152
every,153
occasion,154
simple,155
mind,156
pale,157
blue,158
sky,159
gentle,160
wind,161
storm,162
cloud,163
horizon,164
open,165
chance,166
may,167
break,168
one,169
experience,170
joy,171
possible,172
vulnerable,173
way,174
allow,175
pleasure,176
thats,177
real,178
scares,179
strength,180
possibly,181
mate,182
remain,183
loyal,184
end,185
different,186
exciting,187
worthwhile,188
security,189
read,190
slowly,191
opposite,192
indifference,193
art,194
ugliness,195
faith,196
heresy,197
death,198
lack,199
friendship,200
unhappy,201
marriages,202
without,203
simply,204
problems,205
pride,206
intimate,207
hand,208
upon,209
chest,210
eyes,211
close,212
trust,213
wrong,214
none,215
ever,216
horrible,217
means,218
inside,219
mess,220
deeply,221
give,222
courage,223
matter,224
go,225
sometimes,226
universal,227
truth,228
decide,229
girls,230
friends,231
,232
theyll,233
act,234
anyway,235
remember,236
ones,237
stay,238
theyre,239
let,240
also,241
sisters,242
lovers,243
well,244
baby,245
pretty,246
much,247
soulmate,248
half,249
whole,250
fail,251
mean,252
gonna,253
try,254
hold,255
sweetie,256
head,257
high,258
chin,259
importantly,260
lifes,261
thing,262
place,263
accidentally,264
heartbeat,265
single,266
flashing,267
throbbing,268
moment,269
condition,270
happiness,271
essential,272
reali,273
first,274
last,275
else,276
matters,277
perfectyou,278
either,279
perfect,280
together,281
cause,282
twice,283
admit,284
human,285
onto,286
second,287
breakher,288
change,289
analyze,290
expect,291
happy,292
mad,293
miss,294
nothing,295
common,296
man,297
thoughts,298
ive,299
led,300
monuments,301
dedicated,302
name,303
soon,304
forget,305
quietlyaugustus,306
saidi,307
stare,308
see,309
corners,310
crinkling,311
business,312
deny,313
shout,314
void,315
oblivion,316
inevitable,317
doomed,318
labor,319
return,320
dust,321
sun,322
swallow,323
look,324
mindand,325
therefore,326
winged,327
cupid,328
paint,329
blind,330
fit,331
everyone,332
mirror,333
attention,334
probably,335
meet,336
tear,337
walls,338
smack,339
awake,340
nah,341
painful,342
mates,343
reveal,344
layer,345
leave,346
purpose,347
shake,348
apart,349
ego,350
bite,351
obstacles,352
addictions,353
new,354
desperate,355
transform,356
introduce,357
spiritual,358
master,359
woman,360
anything,361
spite,362
fact,363
weird,364
whose,365
weirdness,366
compatible,367
join,368
mutually,369
satisfy,370
weirdnessand,371
lovetrue,372
die,373
natural,374
replenish,375
source,376
blindness,377
errors,378
betrayals,379
illness,380
wounds,381
weariness,382
witherings,383
tarnishings,384
really,385
notion,386
halves,387
nature,388
lover,389
thrill,390
kiss,391
forehead,392
space,393
flower,394
youi,395
garden,396
wrung,397
intact,398
must,399
animal,400
wrap,401
carefully,402
round,403
hobbies,404
luxuries,405
avoid,406
entanglements,407
lock,408
casket,409
coffin,410
selfishness,411
dark,412
motionless,413
airless,414
unbreakable,415
impenetrable,416
irredeemable,417
talk,418
comfortable,419
dumbledore,420
watch,421
fly,422
away,423
silvery,424
glow,425
fade,426
snape,427
full,428
tearsafter,429
timealways,430
list,431
teach,432
school,433
somebody,434
famous,435
rich,436
poor,437
longer,438
whats,439
elses,440
whos,441
worth,442
awfully,443
big,444
adventure,445
ladys,446
imagination,447
rapid,448
jump,449
admiration,450
matrimony,451
easy,452
everyday,453
worse,454
tis,455
lose,456
certain,457
secret,458
shadow,459
hes,460
least,461
quote,462
poetry,463
yell,464
guys,465
guy,466
understand,467
promise,468
saidright,469
course,470
idea,471
sight,472
begin,473
lucky,474
exactly,475
right,476
combine,477
flaws,478
arrange,479
separate,480
beings,481
hinge,482
put,483
someones,484
bad,485
qualities,486
somehow,487
complete,488
despair,489
history,490
win,491
tyrants,492
murderers,493
invincible,494
italways,495
patient,496
kind,497
envy,498
boast,499
proud,500
rude,501
selfseeking,502
easily,503
anger,504
record,505
wrongs,506
delight,507
evil,508
rejoices,509
protect,510
perseveres,511
reason,512
strive,513
us,514
vain,515
struggle,516
repressed,517
ardently,518
admire,519
perhaps,520
dragons,521
princesses,522
beauty,523
frighten,524
deepest,525
essence,526
helpless,527
side,528
enjoy,529
treasure,530
treasured,531
carry,532
hearti,533
anywherei,534
gomy,535
dear,536
whatever,537
doingmy,538
darlingi,539
fear,540
fate,541
fatemy,542
sweeti,543
worldmy,544
trueand,545
moon,546
meant,547
sing,548
youhere,549
knowshere,550
root,551
bud,552
tree,553
growshigher,554
hideand,555
wonder,556
stars,557
aparti,558
boy,559
entire,560
universe,561
conspired,562
ask,563
stop,564
stronger,565
dare,566
anyone,567
bits,568
lightwoods,569
isabelle,570
alec,571
take,572
years,573
clary,574
since,575
belong,576
treat,577
ordinary,578
yourselfto,579
strong,580
nothingcan,581
disturb,582
peace,583
mindto,584
health,585
prosperityto,586
meetto,587
feelthat,588
themto,589
sunny,590
everythingand,591
optimism,592
trueto,593
bestand,594
bestto,595
enthusiastic,596
success,597
othersas,598
ownto,599
pastand,600
press,601
greater,602
achievements,603
futureto,604
wear,605
cheerful,606
countenance,607
timesand,608
creature,609
smileto,610
improvement,611
yourselfthat,612
criticize,613
othersto,614
large,615
noble,616
fearand,617
permit,618
troubleto,619
proclaim,620
worldnot,621
loud,622
words,623
great,624
deedsto,625
sideso,626
dignified,627
alone,628
solitude,629
yearning,630
risk,631
betrayed,632
brush,633
near,634
sit,635
apple,636
listen,637
apples,638
heaps,639
waste,640
sweetness,641
taste,642
girl,643
question,644
spend,645
answer,646
measure,647
poets,648
awakens,649
reach,650
plant,651
fire,652
hearts,653
id,654
basic,655
motivating,656
force,657
afraid,658
pull,659
offer,660
passion,661
acceptance,662
learn,663
glory,664
imperfections,665
fully,666
ability,667
others,668
potential,669
create,670
evolution,671
rest,672
fearlessness,673
openhearted,674
vision,675
embrace,676
despite,677
differences,678
rare,679
minute,680
seared,681
memory,682
ill,683
women,684
choose,685
follow,686
men,687
career,688
wake,689
anymore,690
escape,691
blame,692
angry,693
shall,694
pain,695
lot,696
imagine,697
lion,698
lamb,699
murmured,700
hide,701
thrilled,702
wordwhat,703
stupid,704
sighedwhat,705
sick,706
masochistic,707
sign,708
incomplete,709
whispers,710
wish,711
touch,712
poet,713
silly,714
romantic,715
heavens,716
shoot,717
gemstones,718
gold,719
already,720
wanta,721
steady,722
point,723
othermaybe,724
temporarily,725
maybe,726
late,727
convince,728
require,729
eleanor,730
nice,731
suppose,732
souls,733
mine,734
stick,735
lovehate,736
burden,737
bear,738
lie,739
distinguish,740
within,741
respect,742
cease,743
beyond,744
ideas,745
wrongdoing,746
rightdoing,747
fieldill,748
therewhen,749
grassthe,750
middle,751
night,752
decent,753
nights,754
sleep,755
wander,756
blearily,757
loveless,758
landscape,759
desperately,760
circumstances,761
improve,762
suspect,763
unloved,764
three,765
isolate,766
relationship,767
ways,768
bend,769
compromise,770
order,771
gain,772
greaterthe,773
bigger,774
small,775
key,776
pie,777
chart,778
biggest,779
piece,780
jealous,781
boastful,782
conceited,783
offense,784
resentful,785
peoples,786
sins,787
delights,788
ready,789
excuse,790
endure,791
decisions,792
quickly,793
fast,794
tendency,795
assume,796
emotionally,797
capable,798
highest,799
care,800
count,801
hang,802
far,803
ascend,804
greatness,805
romance,806
victim,807
thine,808
self,809
thou,810
canst,811
false,812
home,813
agree,814
fight,815
challenge,816
crazy,817
meshe,818
filthy,819
cover,820
blood,821
dirt,822
shed,823
seenbut,824
connect,825
distracted,826
busy,827
tired,828
grant,829
glue,830
powerful,831
stuff,832
defenses,833
suit,834
armor,835
lifeyou,836
dumb,837
hostages,838
eat,839
phrase,840
glass,841
splinter,842
soulhurt,843
getsinsideyouandripsyouapart,844
short,845
douchebags,846
gesturing,847
brad,848
bowed,849
focus,850
absolute,851
fuck,852
horror,853
indeed,854
peril,855
fair,856
though,857
land,858
mingled,859
grief,860
grow,861
uncertainty,862
indispensable,863
free,864
addicted,865
mutual,866
addiction,867
madness,868
daddy,869
perished,870
continue,871
annihilated,872
mighty,873
stranger,874
discover,875
play,876
endthe,877
takeis,878
equal,879
dandelion,880
spring,881
bright,882
yellow,883
rebirth,884
instead,885
destruction,886
losses,887
harder,888
criminal,889
confuse,890
coma,891
explain,892
damn,893
nodding,894
consist,895
gazing,896
outward,897
direction,898
god,899
judge,900
expectations,901
aware,902
realize,903
okay,904
disappointing,905
effort,906
ease,907
harmony,908
recurring,909
word,910
asshole,911
date,912
fcking,913
whether,914
warm,915
hearth,916
burn,917
house,918
run,919
fingers,920
along,921
tendons,922
thoughthats,923
sensible,924
paper,925
somethingi,926
nose,927
slide,928
jaw,929
lips,930
earmaybe,931
betterfine,932
prayer,933
whisper,934
peeta,935
temple,936
somewhere,937
african,938
careful,939
naked,940
shirt,941
seek,942
relationships,943
flavors,944
partners,945
complementary,946
wrongness,947
demons,948
unsolvable,949
problemsthe,950
arethat,951
lifelong,952
personsomeone,953
lovingly,954
gaze,955
problem,956
havei,957
stone,958
bread,959
remade,960
greatest,961
dearfind,962
kill,963
youlet,964
drain,965
cling,966
weigh,967
eventual,968
nothingnesslet,969
devour,970
remainsfor,971
fastly,972
falsely,973
herthen,974
slams,975
old,976
screen,977
door,978
depend,979
shut,980
slices,981
thin,982
cut,983
em,984
choice,985
itll,986
twist,987
brain,988
prettyi,989
beautifulbeautifulyou,990
fish,991
sea,992
battle,993
war,994
womans,995
declarations,996
amuse,997
especially,998
unrequited,999
fix,1000
hour,1001
spot,1002
laid,1003
foundation,1004
ago,1005
meaning,1006
demand,1007
companions,1008
thereits,1009
jace,1010
saidrecovering,1011
composure,1012
surely,1013
sister,1014
frequently,1015
rooted,1016
switch,1017
flicked,1018
suddenly,1019
irresistible,1020
desire,1021
irresistibly,1022
yesterdayi,1023
today,1024
tomorrowsimply,1025
spaces,1026
togetherness,1027
bond,1028
move,1029
shores,1030
fill,1031
cup,1032
drink,1033
loaf,1034
joyous,1035
strings,1036
lute,1037
quiver,1038
music,1039
contain,1040
stand,1041
yet,1042
pillars,1043
oak,1044
cypress,1045
therein,1046
whosoever,1047
perform,1048
accomplish,1049
clatter,1050
basilisk,1051
fangs,1052
cascaded,1053
hermiones,1054
arms,1055
ron,1056
flung,1057
neck,1058
mouth,1059
broomstick,1060
respond,1061
enthusiasm,1062
lift,1063
hermione,1064
feet,1065
harry,1066
weakly,1067
except,1068
gripped,1069
firmly,1070
swayed,1071
raise,1072
voice,1073
oi,1074
recently,1075
hit,1076
bludger,1077
horcrux,1078
dyou,1079
weve,1080
diadem,1081
yeah,1082
sorry,1083
set,1084
gather,1085
pink,1086
power,1087
overcome,1088
kinds,1089
curious,1090
ridiculous,1091
tragedy,1092
sin,1093
sinner,1094
form,1095
caution,1096
fatal,1097
destiny,1098
discouragement,1099
sincerity,1100
flaming,1101
indulge,1102
wild,1103
suspicions,1104
heal,1105
expressions,1106
body,1107
nowif,1108
mei,1109
youlittle,1110
littleif,1111
medo,1112
mefor,1113
youif,1114
banners,1115
pass,1116
lifeand,1117
shore,1118
rootsrememberthat,1119
armsand,1120
roots,1121
amazing,1122
overrated,1123
songs,1124
streets,1125
hat,1126
coat,1127
water,1128
shoes,1129
fearless,1130
absense,1131
unafraid,1132
doubt,1133
lots,1134
scare,1135
fat,1136
kid,1137
cake,1138
worthy,1139
everybody,1140
suffer,1141
transmute,1142
ignore,1143
muddle,1144
eternal,1145
blinded,1146
pursuits,1147
sidewalk,1148
beg,1149
gravitation,1150
responsible,1151
hundred,1152
visit,1153
country,1154
compare,1155
weep,1156
welcome,1157
price,1158
admission,1159
split,1160
headache,1161
nearly,1162
irresistable,1163
urge,1164
commit,1165
murder,1166
inferiority,1167
complex,1168
yippee,1169
relive,1170
skipping,1171
awful,1172
parts,1173
wholelike,1174
maintain,1175
unable,1176
affectionate,1177
persons,1178
ultimate,1179
obtain,1180
process,1181
mystery,1182
confirmation,1183
emotion,1184
resides,1185
unless,1186
terribly,1187
neither,1188
smart,1189
runofthemill,1190
businesswoman,1191
concern,1192
uneasiness,1193
regard,1194
precepts,1195
justice,1196
temporary,1197
erupts,1198
volcanoes,1199
subsides,1200
decision,1201
entwined,1202
inconceivable,1203
breathlessness,1204
promulgation,1205
cranny,1206
blush,1207
truths,1208
fortunate,1209
accident,1210
untamed,1211
destroy,1212
imprison,1213
enslaves,1214
knowledge,1215
able,1216
enemies,1217
dined,1218
air,1219
inhabits,1220
unnoticed,1221
necessary,1222
genuinely,1223
sweet,1224
shyness,1225
unexpected,1226
warmth,1227
rush,1228
detriment,1229
step,1230
cherry,1231
trees,1232
affection,1233
number,1234
exchange,1235
bella,1236
moonless,1237
across,1238
meteor,1239
brilliancy,1240
black,1241
fascinated,1242
spell,1243
pigletyou,1244
ityou,1245
pooh,1246
tonight,1247
write,1248
saddest,1249
linesi,1250
crave,1251
hairsilent,1252
starving,1253
prowl,1254
nourish,1255
dawn,1256
disrupt,1257
hunt,1258
liquid,1259
hunger,1260
sleek,1261
color,1262
savage,1263
harvest,1264
stones,1265
fingernails,1266
skin,1267
almond,1268
sunbeam,1269
flaring,1270
lovely,1271
sovereign,1272
arrogant,1273
fleeting,1274
shade,1275
lashes,1276
pace,1277
hungry,1278
sniffing,1279
twilight,1280
hot,1281
puma,1282
barrens,1283
quitratue,1284
definition,1285
dictionary,1286
loveoften,1287
deciphered,1288
children,1289
breathe,1290
breath,1291
consequence,1292
maybeyoull,1293
againhell,1294
ruin,1295
meyes,1296
yougood,1297
askletting,1298
gonot,1299
moody,1300
narrowminded,1301
borderline,1302
homicidal,1303
bitch,1304
burst,1305
flames,1306
withinthe,1307
line,1308
perfectly,1309
resolution,1310
image,1311
likeness,1312
reflection,1313
search,1314
pieces,1315
sad,1316
room,1317
fond,1318
third,1319
fourth,1320
toward,1321
vanish,1322
sort,1323
tender,1324
curiosity,1325
nightwhen,1326
sleeppraise,1327
insomniasand,1328
difference,1329
photographs,1330
anybody,1331
weakness,1332
pure,1333
satisfaction,1334
lean,1335
lifeless,1336
leisel,1337
rudy,1338
steiner,1339
soft,1340
dusty,1341
regret,1342
shadows,1343
anarchists,1344
collection,1345
fingersshe,1346
goodbye,1347
incapable,1348
minutes,1349
ground,1350
amazes,1351
humans,1352
streams,1353
flow,1354
stagger,1355
lyrics,1356
melody,1357
replayed,1358
stale,1359
everytime,1360
luke,1361
figure,1362
againi,1363
timeive,1364
tooi,1365
swear,1366
almost,1367
ship,1368
knowi,1369
born,1370
andin,1371
magazineswe,1372
someday,1373
company,1374
lonelyat,1375
timebut,1376
essentially,1377
selfrespect,1378
rise,1379
default,1380
available,1381
disappoint,1382
easier,1383
next,1384
letter,1385
send,1386
summer,1387
page,1388
syllable,1389
distant,1390
star,1391
dazzling,1392
tens,1393
thousands,1394
agomaybe,1395
halfread,1396
book,1397
halffinished,1398
affair,1399
oneself,1400
box,1401
gift,1402
oxygen,1403
food,1404
tousle,1405
hair,1406
floor,1407
sense,1408
weaken,1409
heightens,1410
partner,1411
nurture,1412
ancient,1413
egyptians,1414
fifty,1415
sand,1416
eskimos,1417
snow,1418
thousand,1419
cosmic,1420
perspective,1421
precious,1422
disagree,1423
billion,1424
galaxies,1425
sentimentalim,1426
knowis,1427
sentimental,1428
lastthe,1429
romanticperson,1430
confidence,1431
aslans,1432
aslan,1433
lead,1434
narnian,1435
narnia,1436
nightmare,1437
sayi,1438
thrash,1439
paralyzed,1440
terror,1441
saysyou,1442
interrupt,1443
calm,1444
downits,1445
nightmares,1446
usually,1447
whoever,1448
front,1449
reasons,1450
past,1451
ten,1452
prelude,1453
parent,1454
awkwardly,1455
often,1456
deal,1457
abyss,1458
oh,1459
unutterable,1460
deeper,1461
alright,1462
impulsive,1463
tempered,1464
youbut,1465
abby,1466
booze,1467
money,1468
onenight,1469
sorrow,1470
larger,1471
mark,1472
degenerating,1473
obsession,1474
weight,1475
lifethat,1476
yes,1477
infatuated,1478
heightened,1479
keen,1480
capacity,1481
physical,1482
sensation,1483
fancy,1484
invent,1485
empty,1486
purifying,1487
generously,1488
clams,1489
shell,1490
receive,1491
shrink,1492
mere,1493
guess,1494
red,1495
white,1496
smooth,1497
softness,1498
youth,1499
replace,1500
delicate,1501
age,1502
surprise,1503
flash,1504
facei,1505
meredith,1506
less,1507
wave,1508
train,1509
museums,1510
park,1511
mouthi,1512
storms,1513
tighter,1514
eleanors,1515
butterfly,1516
alive,1517
seas,1518
catch,1519
backward,1520
sequestered,1521
nooksand,1522
serenity,1523
harm,1524
family,1525
jail,1526
childhoods,1527
awaken,1528
tone,1529
fox,1530
tamed,1531
quit,1532
band,1533
york,1534
liz,1535
itd,1536
erase,1537
suck,1538
peanut,1539
butter,1540
motherswhen,1541
lord,1542
mothers,1543
sixth,1544
overtime,1545
angel,1546
appear,1547
fiddling,1548
specs,1549
washable,1550
plastic,1551
moveable,1552
partsall,1553
replaceable,1554
coffee,1555
leftovers,1556
lap,1557
disappear,1558
cure,1559
leg,1560
disappointed,1561
six,1562
pairs,1563
remarked,1564
standard,1565
model,1566
nodded,1567
pair,1568
doors,1569
kids,1570
child,1571
goofs,1572
uttering,1573
sleeve,1574
gently,1575
tomorrow,1576
sickcan,1577
feed,1578
pound,1579
hamburgerand,1580
nine,1581
year,1582
shower,1583
circled,1584
mother,1585
sighed,1586
tough,1587
excitedly,1588
creator,1589
finger,1590
cheek,1591
leak,1592
pronounced,1593
sadness,1594
disappointment,1595
loneliness,1596
genius,1597
somberly,1598
unlikely,1599
depth,1600
separation,1601
absence,1602
diminish,1603
increase,1604
blow,1605
candle,1606
fans,1607
bonfire,1608
arm,1609
heldhe,1610
precarious,1611
position,1612
straddling,1613
rail,1614
melet,1615
yelled,1616
backbut,1617
manage,1618
haul,1619
total,1620
danger,1621
againsee,1622
heres,1623
contemplate,1624
terms,1625
however,1626
dimitri,1627
stake,1628
dangling,1629
freei,1630
eye,1631
youthen,1632
plunged,1633
chestit,1634
precise,1635
skilled,1636
dodging,1637
deep,1638
unsure,1639
angle,1640
stunned,1641
parted,1642
albeit,1643
grisly,1644
pained,1645
onethats,1646
gasped,1647
outthose,1648
thee,1649
waysi,1650
breadth,1651
heightmy,1652
trip,1653
impossible,1654
start,1655
evenwhen,1656
stomach,1657
itand,1658
dearcrumbles,1659
burnt,1660
handsyour,1661
throat,1662
silt,1663
itwhen,1664
tropical,1665
heatthickening,1666
heavy,1667
watermore,1668
gills,1669
lungswhen,1670
weights,1671
fleshonly,1672
obesity,1673
griefyou,1674
withstand,1675
thisthen,1676
facebetween,1677
palms,1678
plain,1679
faceno,1680
charming,1681
violet,1682
eyesand,1683
emptiness,1684
crowds,1685
impossibility,1686
anyhow,1687
border,1688
miraculous,1689
ceremonious,1690
validation,1691
poems,1692
noone,1693
glance,1694
abused,1695
stories,1696
disbelieved,1697
inconvenient,1698
clichs,1699
trouble,1700
alter,1701
gap,1702
particularness,1703
mattered,1704
grieve,1705
anodyne,1706
shape,1707
intellectbecause,1708
nothingand,1709
upside,1710
downmouthing,1711
heartfalls,1712
sunlight,1713
claps,1714
moonbeams,1715
kissings,1716
timethe,1717
earthyou,1718
owe,1719
melookwhat,1720
happenswith,1721
thatit,1722
humankind,1723
survive,1724
conquers,1725
triumphant,1726
prove,1727
greed,1728
balance,1729
balancedlife,1730
fiftyfifty,1731
marriage,1732
seventythirty,1733
sixtyforty,1734
pedestal,1735
roll,1736
smoothly,1737
sail,1738
ride,1739
sir,1740
vast,1741
growth,1742
behind,1743
confident,1744
torment,1745
comprehend,1746
necessarily,1747
indulgent,1748
aloneness,1749
store,1750
inheritance,1751
bless,1752
travel,1753
outside,1754
herpes,1755
lad,1756
kite,1757
climb,1758
topmost,1759
steeple,1760
declare,1761
dwell,1762
among,1763
worthless,1764
judgement,1765
opinion,1766
correct,1767
garbage,1768
clouds,1769
mountain,1770
circle,1771
top,1772
pokes,1773
beacuse,1774
bind,1775
absolutely,1776
value,1777
forged,1778
distance,1779
irreversibly,1780
timeslove,1781
strengthlove,1782
honest,1783
pretendinglove,1784
realitylove,1785
elselove,1786
unitylove,1787
freedom,1788
pursue,1789
individual,1790
alongside,1791
successlove,1792
plan,1793
togetherlove,1794
futurelove,1795
fury,1796
rainbowlove,1797
passionlove,1798
situation,1799
desireslove,1800
sharinglove,1801
regardless,1802
securitylove,1803
goal,1804
picture,1805
creation,1806
secretly,1807
calibration,1808
invest,1809
humiliated,1810
boldly,1811
trap,1812
bones,1813
pearl,1814
pocket,1815
warded,1816
arena,1817
ok,1818
snub,1819
sensitive,1820
accurate,1821
description,1822
frogs,1823
prince,1824
extreme,1825
severe,1826
rule,1827
load,1828
crap,1829
use,1830
assholes,1831
weapon,1832
mass,1833
silo,1834
uncover,1835
prefer,1836
dawnkaleidoscopic,1837
crack,1838
collapse,1839
fed,1840
madly,1841
freshmen,1842
fifteen,1843
apologizes,1844
bathroom,1845
alrightthatsfearless,1846
charmings,1847
happily,1848
glamour,1849
golden,1850
haze,1851
furnish,1852
interiors,1853
knocker,1854
resonates,1855
diamond,1856
jewellers,1857
glittering,1858
flesh,1859
shard,1860
strange,1861
vessel,1862
hatred,1863
speak,1864
unnecessary,1865
grieving,1866
mourning,1867
seconds,1868
enemy,1869
defeat,1870
sex,1871
consolation,1872
powers,1873
puny,1874
eighty,1875
romeo,1876
wherefore,1877
thy,1878
father,1879
refuse,1880
thyself,1881
montegue,1882
foot,1883
smell,1884
retain,1885
perfection,1886
title,1887
doth,1888
pit,1889
center,1890
crown,1891
soles,1892
bet,1893
mysteries,1894
compassion,1895
judgment,1896
blessed,1897
stress,1898
match,1899
strike,1900
lovesby,1901
heardsome,1902
bitter,1903
looksome,1904
flattering,1905
wordthe,1906
coward,1907
kissthe,1908
brave,1909
sword,1910
remind,1911
basis,1912
involve,1913
dozen,1914
brandnew,1915
consign,1916
paradise,1917
nourishes,1918
existence,1919
reject,1920
stretch,1921
pluck,1922
fruit,1923
branches,1924
hours,1925
weeks,1926
sadnessthe,1927
save,1928
butterflies,1929
livd,1930
car,1931
terrible,1932
robbed,1933
liquor,1934
pills,1935
shoveled,1936
grave,1937
choke,1938
trembling,1939
injure,1940
hopelessly,1941
bed,1942
private,1943
memorize,1944
curve,1945
freckle,1946
shiver,1947
design,1948
oblivious,1949
mistaking,1950
assert,1951
till,1952
mr,1953
rochester,1954
exact,1955
celestial,1956
anticipate,1957
mumbled,1958
bedtime,1959
function,1960
unique,1961
irreplaceable,1962
marry,1963
chemistry,1964
intrigued,1965
kindnesses,1966
luck,1967
forgiveness,1968
gratefulness,1969
screw,1970
game,1971
tiny,1972
jesus,1973
sentient,1974
revolve,1975
slugs,1976
five,1977
fortyfive,1978
morning,1979
drunken,1980
pick,1981
loverare,1982
shadowhunter,1983
minetessa,1984
blackandwhite,1985
namewill,1986
facetoface,1987
glove,1988
bare,1989
curved,1990
callused,1991
sharp,1992
witty,1993
tess,1994
tessa,1995
herondale,1996
gray,1997
talent,1998
afterward,1999
bubble,2000
bottom,2001
lake,2002
heywhen,2003
son,2004
poseidon,2005
hurry,2006
underwater,2007
logicbut,2008
logic,2009
examine,2010
recalculatedheated,2011
fitinside,2012
contours,2013
anxious,2014
wellbeing,2015
companion,2016
breakable,2017
agoin,2018
kingdom,2019
seathat,2020
maiden,2021
knowby,2022
annabel,2023
leeand,2024
thoughtthan,2025
childin,2026
seabut,2027
lovei,2028
leewith,2029
seraphs,2030
heavencoveted,2031
meand,2032
seaa,2033
chillingmy,2034
leeso,2035
highborn,2036
kinsman,2037
cameand,2038
bore,2039
meto,2040
sepulchrein,2041
seathe,2042
angels,2043
heavenwent,2044
envying,2045
knowin,2046
nightchilling,2047
leebut,2048
loveof,2049
older,2050
weof,2051
wiser,2052
weand,2053
abovenor,2054
seacan,2055
dissever,2056
soulof,2057
leefor,2058
beams,2059
dreamsof,2060
eyesof,2061
nighttide,2062
sideof,2063
darling,2064
bridein,2065
sepulchre,2066
seain,2067
tomb,2068
sound,2069
beckons,2070
steep,2071
wings,2072
enfold,2073
yield,2074
pinions,2075
wound,2076
shatter,2077
north,2078
lays,2079
crowns,2080
crucify,2081
pruning,2082
ascends,2083
height,2084
caresses,2085
tenderest,2086
descend,2087
earthbut,2088
nakedness,2089
threshingfloor,2090
seasonless,2091
naught,2092
itselflove,2093
possess,2094
sufficient,2095
unto,2096
direct,2097
fulfil,2098
itselfbut,2099
melt,2100
brook,2101
tenderness,2102
wounded,2103
bleed,2104
willingly,2105
joyfully,2106
eveything,2107
hisshivering,2108
sighingand,2109
vows,2110
isinfinite,2111
undyinglady,2112
anxiety,2113
killer,2114
drown,2115
strangle,2116
panic,2117
hazel,2118
grace,2119
annoy,2120
lovable,2121
draw,2122
toughest,2123
parting,2124
morrow,2125
healed,2126
unconditional,2127
expectation,2128
attach,2129
automatically,2130
responsibility,2131
nod,2132
thank,2133
significant,2134
bird,2135
clothes,2136
quietly,2137
bells,2138
ears,2139
check,2140
awareness,2141
discipline,2142
sacrifice,2143
myriad,2144
petty,2145
unsexy,2146
catherine,2147
earnshaw,2148
youhaunt,2149
haunt,2150
believei,2151
ghosts,2152
alwaystake,2153
formdrive,2154
salvation,2155
obscure,2156
soulless,2157
heartless,2158
gifted,2159
wealth,2160
hadto,2161
pleaseand,2162
ladto,2163
theoriesbut,2164
knowand,2165
doand,2166
soto,2167
gus,2168
news,2169
fine,2170
moments,2171
impediments,2172
alteration,2173
remover,2174
remove,2175
everfixed,2176
tempests,2177
wandring,2178
barque,2179
worths,2180
unknown,2181
although,2182
rosy,2183
cheeks,2184
sickles,2185
compass,2186
brief,2187
edge,2188
doom,2189
error,2190
writ,2191
throughout,2192
anywhere,2193
extremely,2194
difficult,2195
realization,2196
beloved,2197
itharry,2198
consider,2199
wet,2200
truthfullyron,2201
noise,2202
indicate,2203
jubilation,2204
disgust,2205
tellbecause,2206
heavilyoh,2207
slightly,2208
kissingdunno,2209
immediately,2210
final,2211
analysis,2212
anotherwe,2213
enormous,2214
energy,2215
serious,2216
efforts,2217
whove,2218
knowone,2219
thingyou,2220
isif,2221
lookat,2222
crystal,2223
branchof,2224
slow,2225
autumn,2226
windowif,2227
touchnear,2228
firethe,2229
impalpable,2230
ashor,2231
wrinkled,2232
logeverything,2233
youas,2234
existsaromas,2235
metalswere,2236
boatsthat,2237
sailtoward,2238
isles,2239
mewell,2240
suddenlyyou,2241
madthe,2242
bannersthat,2243
decideto,2244
shoreof,2245
dayat,2246
houri,2247
offto,2248
landbutif,2249
dayeach,2250
houryou,2251
destined,2252
mewith,2253
implacable,2254
sweetnessif,2255
flowerclimbs,2256
meah,2257
ah,2258
ownin,2259
repeatedin,2260
extinguished,2261
forgottenmy,2262
feeds,2263
belovedand,2264
armswithout,2265
spirits,2266
bullshit,2267
variations,2268
oceanthere,2269
landif,2270
desertyou,2271
sandif,2272
starlate,2273
lightand,2274
wingsid,2275
soaring,2276
flight,2277
immortal,2278
narcotic,2279
euphoria,2280
surrender,2281
thingsyou,2282
dependent,2283
addict,2284
addicts,2285
steal,2286
humiliate,2287
river,2288
piedra,2289
wept,2290
passions,2291
merely,2292
copulation,2293
extend,2294
infinite,2295
limit,2296
blinding,2297
conversations,2298
candlelit,2299
rooms,2300
oldest,2301
dearest,2302
notice,2303
badly,2304
recover,2305
damage,2306
repair,2307
realm,2308
silence,2309
speech,2310
chances,2311
math,2312
amount,2313
pretend,2314
pretence,2315
masks,2316
chains,2317
possession,2318
characters,2319
devastated,2320
role,2321
faults,2322
adult,2323
males,2324
emotional,2325
connections,2326
freeze,2327
abandon,2328
passionately,2329
test,2330
adolescent,2331
unworthy,2332
reenacts,2333
ultimately,2334
weary,2335
thus,2336
reenacting,2337
abandonment,2338
drama,2339
confirm,2340
dominant,2341
inexplicable,2342
elsecloser,2343
closest,2344
angelone,2345
higher,2346
lesson,2347
perilous,2348
themeven,2349
sufferingthe,2350
due,2351
timethough,2352
warningyou,2353
halo,2354
exits,2355
moreits,2356
rain,2357
umbrella,2358
shelter,2359
shine,2360
windows,2361
scared,2362
lonely,2363
independent,2364
hog,2365
toe,2366
zip,2367
code,2368
plus,2369
certifiably,2370
pms,2371
goodness,2372
duty,2373
mama,2374
homeim,2375
woods,2376
owni,2377
werewolf,2378
nasty,2379
muttit,2380
teeth,2381
straight,2382
gutmama,2383
vampire,2384
rotting,2385
wreckit,2386
neckmama,2387
bedi,2388
halfdeadi,2389
invalid,2390
arthe,2391
heartfrom,2392
childs,2393
nursery,2394
rhymes,2395
folk,2396
tales,2397
dig,2398
sentiments,2399
petra,2400
cotes,2401
ripeness,2402
youthful,2403
superstition,2404
poverty,2405
servitude,2406
revelry,2407
gaudy,2408
unbridled,2409
fornication,2410
annoyance,2411
lamented,2412
cost,2413
sterile,2414
complicity,2415
miracle,2416
table,2417
wornout,2418
blooming,2419
dogs,2420
artistic,2421
preposterous,2422
n,2423
insanity,2424
curable,2425
yourbody,2426
thingmuscles,2427
nerves,2428
morei,2429
doesi,2430
hows,2431
spineof,2432
tremblingfirmsmooth,2433
ness,2434
willagain,2435
againkiss,2436
stroking,2437
shocking,2438
fuzzof,2439
electric,2440
fur,2441
whatisit,2442
comesover,2443
lovecrumbsand,2444
thrillof,2445
submission,2446
mankind,2447
amazement,2448
particular,2449
wildfire,2450
sudden,2451
inhale,2452
tides,2453
conviction,2454
lovehow,2455
aghast,2456
hurtyou,2457
literally,2458
razor,2459
map,2460
painfully,2461
cripplinglike,2462
carved,2463
expose,2464
repeat,2465
terrified,2466
voldemort,2467
protection,2468
pool,2469
edges,2470
winter,2471
pats,2472
cast,2473
ablaze,2474
skies,2475
ignite,2476
phoenix,2477
loose,2478
flies,2479
choked,2480
window,2481
resolutely,2482
bury,2483
jaces,2484
shoulder,2485
salt,2486
ear,2487
simplest,2488
litany,2489
aspects,2490
personalities,2491
clever,2492
trick,2493
honestly,2494
sparkly,2495
underneath,2496
cheesy,2497
wren,2498
noblest,2499
courageous,2500
foreheads,2501
thistimei,2502
whisperedyou,2503
tremulous,2504
strongyoure,2505
cat,2506
abstract,2507
noun,2508
nebulous,2509
solid,2510
cliche,2511
reduce,2512
catalogue,2513
vote,2514
permanent,2515
scars,2516
angriest,2517
certainty,2518
beneath,2519
blanket,2520
hed,2521
cute,2522
counter,2523
cups,2524
piled,2525
whipped,2526
cream,2527
lopsided,2528
seriously,2529
outsam,2530
wallet,2531
bills,2532
yearsi,2533
wed,2534
entirely,2535
specieswhoa,2536
appreciatively,2537
couple,2538
agesam,2539
chocolate,2540
gazed,2541
possessivelyi,2542
copping,2543
bei,2544
crouched,2545
bark,2546
shelf,2547
bold,2548
sightthe,2549
favor,2550
scariest,2551
emptyone,2552
passerby,2553
watered,2554
sheltered,2555
caterpillars,2556
complain,2557
boasted,2558
lifetime,2559
paradox,2560
eventually,2561
commitment,2562
soulmates,2563
horse,2564
realdoes,2565
rabbit,2566
truthful,2567
generally,2568
drop,2569
joints,2570
shabby,2571
ugly,2572
accomplished,2573
ages,2574
helen,2575
keller,2576
months,2577
deaf,2578
earn,2579
bachelor,2580
arts,2581
degree,2582
mozart,2583
competent,2584
keyboard,2585
violin,2586
composed,2587
shirley,2588
movie,2589
anne,2590
frank,2591
diary,2592
magnus,2593
carlsen,2594
chess,2595
grandmaster,2596
nadia,2597
comneci,2598
gymnast,2599
romania,2600
score,2601
seven,2602
medals,2603
olympics,2604
tenzin,2605
gyatso,2606
formally,2607
recognize,2608
th,2609
dalai,2610
lama,2611
november,2612
pele,2613
soccer,2614
superstar,2615
brazil,2616
elvis,2617
john,2618
lennon,2619
paul,2620
mcartney,2621
beatles,2622
concert,2623
jesse,2624
owens,2625
berlin,2626
beethoven,2627
piano,2628
virtuoso,2629
issac,2630
newton,2631
philosophi,2632
naturalis,2633
principia,2634
mathematica,2635
roger,2636
bannister,2637
mile,2638
albert,2639
einstein,2640
theory,2641
relativity,2642
lance,2643
e,2644
armstrong,2645
tour,2646
de,2647
france,2648
michelangelo,2649
sculptures,2650
david,2651
pieta,2652
alexander,2653
largest,2654
empires,2655
jk,2656
rowling,2657
finish,2658
manuscript,2659
potter,2660
amelia,2661
earhart,2662
solo,2663
atlantic,2664
ocean,2665
oprah,2666
highestrated,2667
program,2668
edmund,2669
hillary,2670
mount,2671
everest,2672
martin,2673
luther,2674
king,2675
jr,2676
marie,2677
curie,2678
nominated,2679
nobel,2680
prize,2681
physics,2682
wright,2683
brothers,2684
orville,2685
wilbur,2686
worlds,2687
successful,2688
airplane,2689
powered,2690
sustain,2691
heavierthanair,2692
vincent,2693
van,2694
gogh,2695
virtually,2696
paintings,2697
millions,2698
neil,2699
twain,2700
adventures,2701
tom,2702
sawyer,2703
huckleberry,2704
finn,2705
christopher,2706
columbus,2707
americas,2708
rosa,2709
obey,2710
bus,2711
drivers,2712
seat,2713
passenger,2714
f,2715
kennedy,2716
president,2717
unite,2718
state,2719
henry,2720
ford,2721
suzanne,2722
collins,2723
games,2724
charles,2725
darwin,2726
origin,2727
species,2728
leonardo,2729
da,2730
vinci,2731
mona,2732
lisa,2733
abraham,2734
lincoln,2735
ray,2736
kroc,2737
buy,2738
mcdonalds,2739
franchise,2740
unprecedented,2741
level,2742
dr,2743
seuss,2744
chesley,2745
sully,2746
sullenberger,2747
iii,2748
successfully,2749
ditched,2750
airways,2751
hudson,2752
passengers,2753
aboard,2754
aircraft,2755
colonel,2756
harland,2757
sanders,2758
kfc,2759
jrr,2760
tolkien,2761
ring,2762
ronald,2763
reagan,2764
jack,2765
lalane,2766
handcuffed,2767
shackled,2768
towed,2769
rowboats,2770
nelson,2771
mandela,2772
disease,2773
west,2774
tb,2775
leprosy,2776
unwanted,2777
uncared,2778
diseases,2779
medicine,2780
hopelessness,2781
spirituality,2782
perish,2783
grain,2784
beaches,2785
outhe,2786
silver,2787
darknesshe,2788
haggard,2789
expression,2790
squeeze,2791
reluctantly,2792
response,2793
casual,2794
impression,2795
ought,2796
noon,2797
nightfall,2798
kissesthe,2799
lifeto,2800
routine,2801
unbearable,2802
snapes,2803
patronus,2804
doe,2805
wherever,2806
lullaby,2807
necessities,2808
humanity,2809
capture,2810
properly,2811
atom,2812
sickness,2813
liar,2814
disabilities,2815
suggest,2816
inability,2817
constructive,2818
fulfillment,2819
bitterness,2820
resist,2821
behave,2822
hardest,2823
friendly,2824
yesterday,2825
blossomed,2826
slip,2827
drawer,2828
whispered,2829
purgatory,2830
punishment,2831
crimes,2832
lied,2833
resthis,2834
tighten,2835
melord,2836
ye,2837
intervals,2838
story,2839
vulnerabilities,2840
risky,2841
dangerous,2842
joythe,2843
explore,2844
buttercup,2845
scorn,2846
degrade,2847
taunt,2848
several,2849
previous,2850
puddle,2851
twenty,2852
heat,2853
comparison,2854
hovel,2855
adore,2856
knees,2857
crawl,2858
thirst,2859
quench,2860
arabian,2861
wine,2862
araby,2863
bottle,2864
lunch,2865
compete,2866
countess,2867
skills,2868
wisdom,2869
appeal,2870
please,2871
seventeen,2872
westleyive,2873
iwestley,2874
westley,2875
westleydarling,2876
adored,2877
bravest,2878
intend,2879
reader,2880
wrought,2881
extirpate,2882
germs,2883
detect,2884
renew,2885
view,2886
spontaneously,2887
revive,2888
seductive,2889
clicking,2890
heels,2891
paving,2892
breeze,2893
stir,2894
sighs,2895
veils,2896
movements,2897
braid,2898
gestures,2899
indications,2900
character,2901
approach,2902
demonstrative,2903
bleeding,2904
samebut,2905
lovebecause,2906
gardens,2907
blossomingflowers,2908
ache,2909
perfumes,2910
springi,2911
longerremember,2912
lipsfeel,2913
minebecause,2914
statuesdrowsing,2915
statues,2916
thathave,2917
sighti,2918
voicei,2919
eyeslike,2920
perfume,2921
tomy,2922
vague,2923
painthat,2924
willmake,2925
irreperable,2926
harmyour,2927
climbingvines,2928
melancholy,2929
wallsi,2930
toglimpse,2931
windowbecause,2932
heady,2933
ofsummer,2934
againseek,2935
precipitate,2936
desiresshooting,2937
object,2938
nowi,2939
barriers,2940
hurdles,2941
leap,2942
fences,2943
penetrate,2944
arrive,2945
destination,2946
buytime,2947
inner,2948
integrity,2949
manners,2950
morals,2951
patience,2952
class,2953
dignity,2954
pomp,2955
blare,2956
gay,2957
knight,2958
creep,2959
prose,2960
shaft,2961
illumination,2962
athwart,2963
pages,2964
rhythm,2965
unfolded,2966
naturally,2967
goldenhearted,2968
green,2969
sheath,2970
saidwith,2971
heartshe,2972
herwhats,2973
doi,2974
knowmaybe,2975
gentlyyoure,2976
remarkable,2977
memoryi,2978
pay,2979
selves,2980
describe,2981
overwhelms,2982
oyu,2983
fallin,2984
gin,2985
agreedthen,2986
bodies,2987
quad,2988
earlierthat,2989
instincts,2990
cabin,2991
incredible,2992
luxurious,2993
sweaty,2994
goodbyes,2995
overrules,2996
overflowing,2997
orsuch,2998
experiencethey,2999
eleven,3000
longgood,3001
outlaw,3002
adhere,3003
accomplice,3004
vowing,3005
honor,3006
aid,3007
abet,3008
inappropriate,3009
soften,3010
spine,3011
steel,3012
express,3013
miseries,3014
heathcliffs,3015
linton,3016
foliage,3017
heathcliff,3018
resemble,3019
rocks,3020
visible,3021
nelly,3022
knowwhatleave,3023
district,3024
funny,3025
affairs,3026
bailey,3027
conjoined,3028
emulate,3029
spirit,3030
rewrite,3031
scenery,3032
guide,3033
plot,3034
endlessly,3035
parents,3036
obligated,3037
appreciate,3038
dead,3039
aint,3040
whenever,3041
confront,3042
opponent,3043
conquer,3044
goi,3045
youits,3046
controlledits,3047
weaknessits,3048
psychedelic,3049
inebriation,3050
lustful,3051
petting,3052
transcendental,3053
metamorphosis,3054
licking,3055
sides,3056
seal,3057
fleshy,3058
envelopes,3059
passionate,3060
deliver,3061
aligned,3062
resource,3063
belief,3064
metaphors,3065
decipherable,3066
allocations,3067
circumstance,3068
traveling,3069
lumps,3070
metal,3071
orbits,3072
prisons,3073
nowhere,3074
satellites,3075
cross,3076
paths,3077
briefest,3078
instant,3079
flowers,3080
jokes,3081
instantly,3082
didand,3083
beliefs,3084
transformation,3085
fullest,3086
mia,3087
implores,3088
unthinkable,3089
stayin,3090
leavingg,3091
loss,3092
apartremember,3093
meright,3094
bell,3095
holly,3096
advise,3097
docs,3098
mistake,3099
lugging,3100
hawk,3101
wing,3102
fullgrown,3103
bobcat,3104
taller,3105
skyshes,3106
joe,3107
inform,3108
moderately,3109
confessedholly,3110
martini,3111
doc,3112
thunder,3113
ginny,3114
listeni,3115
togetherits,3116
itits,3117
likelike,3118
cantwe,3119
cantive,3120
bait,3121
youwhat,3122
carei,3123
funeraland,3124
fault,3125
dwindled,3126
bible,3127
neighbors,3128
summers,3129
temperate,3130
rough,3131
buds,3132
lease,3133
hath,3134
complexion,3135
dimmd,3136
decline,3137
natures,3138
untrimmd,3139
owest,3140
brag,3141
wanderst,3142
growest,3143
intimacy,3144
laws,3145
govern,3146
sexual,3147
budged,3148
gravity,3149
negotiate,3150
physically,3151
mysterious,3152
magnet,3153
sternum,3154
heartbreaking,3155
clarity,3156
surgeon,3157
patients,3158
kidney,3159
donor,3160
annie,3161
belly,3162
pointthe,3163
pointis,3164
tofind,3165
tolet,3166
reasonable,3167
pleasant,3168
episode,3169
cultivate,3170
connection,3171
kindness,3172
affectionlove,3173
cultivated,3174
ourselvesshame,3175
disrespect,3176
betrayal,3177
withholding,3178
injuries,3179
acknowledge,3180
encounter,3181
declaration,3182
oldfashioned,3183
flutter,3184
pen,3185
exceed,3186
underestimate,3187
obsessive,3188
prejudice,3189
convenient,3190
result,3191
grounds,3192
scorned,3193
bisexual,3194
lesbian,3195
tall,3196
skinny,3197
cork,3198
tide,3199
cowl,3200
dim,3201
revery,3202
tale,3203
sincerer,3204
brick,3205
sink,3206
babyohsleep,3207
wakenwhen,3208
worldif,3209
mistakenkiss,3210
loverdance,3211
measurefind,3212
nameand,3213
treasureface,3214
lifeits,3215
pleasureleave,3216
path,3217
untaken,3218
togetherbut,3219
balcony,3220
railing,3221
thatgoodbye,3222
gaps,3223
gods,3224
bone,3225
bonei,3226
onei,3227
til,3228
cruel,3229
despise,3230
betray,3231
cathy,3232
comfort,3233
wring,3234
blight,3235
misery,3236
degradation,3237
satan,3238
inflict,3239
slave,3240
inconsequential,3241
princess,3242
hero,3243
happyi,3244
heracles,3245
theseus,3246
bride,3247
jasons,3248
wife,3249
bellerophon,3250
chimera,3251
crippled,3252
pegasus,3253
backyou,3254
forwardi,3255
canti,3256
eyebrow,3257
secrettell,3258
thisim,3259
palm,3260
itwhy,3261
mebecause,3262
iti,3263
flame,3264
eyesi,3265
echoedwe,3266
grinnedi,3267
raw,3268
blaze,3269
simon,3270
fragile,3271
ithed,3272
advicewhich,3273
dontyou,3274
magic,3275
christian,3276
lissawhat,3277
mock,3278
astonishment,3279
youit,3280
himyou,3281
betterif,3282
pleasantly,3283
provide,3284
opportunity,3285
badass,3286
poem,3287
instance,3288
whirls,3289
immense,3290
dew,3291
grass,3292
whitens,3293
lady,3294
charge,3295
ninithilnin,3296
elven,3297
rogue,3298
methey,3299
loyaty,3300
identity,3301
group,3302
cold,3303
jewelry,3304
later,3305
girlfriend,3306
cliff,3307
diving,3308
exhilarating,3309
stupidest,3310
oldwhen,3311
grey,3312
glad,3313
pilgrim,3314
sorrows,3315
beside,3316
glowing,3317
bars,3318
murmur,3319
sadly,3320
flee,3321
paced,3322
mountains,3323
overhead,3324
amid,3325
crowd,3326
contrary,3327
constant,3328
battlefield,3329
sleepless,3330
ecstasy,3331
agony,3332
braver,3333
grievethat,3334
forgetthy,3335
deceiveif,3336
theeafter,3337
yearshow,3338
greet,3339
anothers,3340
languagei,3341
skini,3342
belovedi,3343
tigers,3344
kini,3345
eden,3346
camei,3347
creationi,3348
creators,3349
namei,3350
dreamedand,3351
finestthat,3352
foreveryou,3353
strongest,3354
demonstrate,3355
fragility,3356
element,3357
wall,3358
dislike,3359
anna,3360
karenina,3361
beat,3362
curled,3363
unfortunates,3364
pretendingjace,3365
clarityi,3366
youand,3367
dieand,3368
thatill,3369
thenshe,3370
breathhe,3371
itthe,3372
disillusioned,3373
itmaybe,3374
smarter,3375
happensthats,3376
hook,3377
boat,3378
liable,3379
halfloves,3380
forsaken,3381
brow,3382
itshe,3383
marius,3384
eyelids,3385
depart,3386
eponine,3387
sombre,3388
profundity,3389
proceed,3390
worldand,3391
monsieur,3392
exile,3393
pin,3394
refusal,3395
feari,3396
healthy,3397
scene,3398
totally,3399
boyfriend,3400
annoying,3401
persistance,3402
junior,3403
bridesmaid,3404
dogim,3405
shrieked,3406
marriedyou,3407
hampshire,3408
scratch,3409
legs,3410
trace,3411
letters,3412
resistedwanting,3413
bicycle,3414
kick,3415
uncomplicated,3416
selfpity,3417
add,3418
justdo,3419
smug,3420
stud,3421
livin,3422
reminder,3423
wwwhat,3424
intensified,3425
mistaken,3426
eve,3427
stormy,3428
scalding,3429
heartwrung,3430
pour,3431
prayers,3432
hopeless,3433
agised,3434
dread,3435
instrument,3436
wholly,3437
abloom,3438
luxuryno,3439
elementan,3440
shrug,3441
hey,3442
logicadrian,3443
crossword,3444
puzzle,3445
rememberno,3446
usim,3447
otherwise,3448
willi,3449
evilsee,3450
hideandseek,3451
bath,3452
massage,3453
meal,3454
rudys,3455
type,3456
boxes,3457
paranoia,3458
tapes,3459
films,3460
radio,3461
fetch,3462
bagels,3463
danish,3464
florent,3465
midnight,3466
cigarettes,3467
tv,3468
programme,3469
hospital,3470
stroke,3471
breasts,3472
arse,3473
city,3474
closer,3475
german,3476
hebrew,3477
communicate,3478
overwhelming,3479
undying,3480
overpowering,3481
allencompassing,3482
heartenriching,3483
mindexpanding,3484
ongoing,3485
neverending,3486
absurd,3487
signify,3488
deadly,3489
vengeance,3490
frame,3491
statistic,3492
delicious,3493
companionship,3494
relation,3495
anotherevery,3496
consequences,3497
series,3498
forth,3499
tension,3500
opposites,3501
rubber,3502
wrestling,3503
matchwhich,3504
immature,3505
incompatible,3506
hardly,3507
firstwho,3508
attentionto,3509
syntax,3510
thingswill,3511
youwholly,3512
foolwhile,3513
approvesand,3514
fatethan,3515
wisdomlady,3516
crythe,3517
gesture,3518
thanyour,3519
sayswe,3520
eachother,3521
thenlaugh,3522
armsfor,3523
paragraphand,3524
parenthesis,3525
ripping,3526
events,3527
inflicted,3528
richest,3529
overestimated,3530
underestimated,3531
ireland,3532
janet,3533
akin,3534
janei,3535
queer,3536
string,3537
ribs,3538
tightly,3539
inextricably,3540
knotted,3541
similar,3542
situated,3543
correspond,3544
quarter,3545
boisterous,3546
channel,3547
miles,3548
broad,3549
cord,3550
communion,3551
snapt,3552
nervous,3553
inwardly,3554
magazines,3555
sparkle,3556
yummy,3557
smacking,3558
bar,3559
differently,3560
uniqueness,3561
outlive,3562
yelena,3563
considerable,3564
valeks,3565
spinebut,3566
invaded,3567
seize,3568
heartthat,3569
poison,3570
confession,3571
shocked,3572
meexactly,3573
valek,3574
reply,3575
poisoned,3576
humblest,3577
redemptive,3578
individuals,3579
react,3580
guilt,3581
transition,3582
period,3583
creative,3584
destructive,3585
manright,3586
permission,3587
bigi,3588
wanna,3589
nailed,3590
porscheor,3591
milliondollar,3592
crib,3593
unbearably,3594
handholding,3595
million,3596
stephen,3597
springrobin,3598
fallbut,3599
colin,3600
allstephens,3601
jestrobins,3602
playbut,3603
colins,3604
eyeshaunts,3605
mostly,3606
tinged,3607
strangeness,3608
unceremoniously,3609
axe,3610
chops,3611
pencil,3612
trickier,3613
dominion,3614
action,3615
towards,3616
blessings,3617
anyones,3618
dart,3619
oceans,3620
blemished,3621
ripple,3622
attractive,3623
guard,3624
startles,3625
blurt,3626
pause,3627
case,3628
knowa,3629
grin,3630
spread,3631
degrees,3632
sandwich,3633
crinkle,3634
nuts,3635
ur,3636
knowidleness,3637
foefour,3638
withoutlove,3639
freckles,3640
doubtthree,3641
attainenvy,3642
champagnethree,3643
dielaughter,3644
sock,3645
dusk,3646
illusion,3647
link,3648
theni,3649
somethingokay,3650
shakily,3651
race,3652
trisi,3653
cringe,3654
ii,3655
barely,3656
crammed,3657
four,3658
thinkmaybe,3659
candor,3660
opportunities,3661
epic,3662
romances,3663
couples,3664
sally,3665
spill,3666
rosemary,3667
gate,3668
pepper,3669
mashed,3670
potatoes,3671
roses,3672
lavender,3673
saidon,3674
conditioni,3675
steadied,3676
awfulyesyou,3677
kidding,3678
sigh,3679
reliefsometimes,3680
jamie,3681
humori,3682
pray,3683
quicker,3684
wink,3685
hello,3686
goodbyeuntil,3687
lottery,3688
cancer,3689
aladdins,3690
lamp,3691
constantly,3692
lovebe,3693
othersbring,3694
grateful,3695
release,3696
recall,3697
platos,3698
symposium,3699
hermaphrodites,3700
longing,3701
miracles,3702
road,3703
devastation,3704
argument,3705
lifeafter,3706
gonethat,3707
aboutday,3708
america,3709
wealthiest,3710
nation,3711
mainly,3712
americans,3713
american,3714
humorist,3715
kin,3716
hubbard,3717
disgrace,3718
crime,3719
traditions,3720
wise,3721
virtuous,3722
estimable,3723
glorify,3724
betters,3725
meanest,3726
establishment,3727
likely,3728
flag,3729
glued,3730
lollipop,3731
flying,3732
cash,3733
registeramericans,3734
everywhere,3735
obviously,3736
untrue,3737
untruth,3738
inward,3739
publicly,3740
privately,3741
napoleonic,3742
novelties,3743
startling,3744
precedent,3745
undignified,3746
loyalty,3747
forgettable,3748
bearable,3749
strangest,3750
illogical,3751
sweetheart,3752
daughters,3753
weeping,3754
flood,3755
urns,3756
swaying,3757
baffling,3758
mixture,3759
sharply,3760
heartbreak,3761
settle,3762
unlovable,3763
forgive,3764
pardoning,3765
unpardonable,3766
unbelievable,3767
abnegation,3768
selfless,3769
bethats,3770
knives,3771
spare,3772
dad,3773
belt,3774
methat,3775
youyouve,3776
observe,3777
peoplemaybe,3778
silences,3779
feebleness,3780
jane,3781
flailed,3782
season,3783
activity,3784
heavena,3785
diea,3786
uproota,3787
heala,3788
builda,3789
laugha,3790
mourn,3791
dancea,3792
scatter,3793
thema,3794
refraina,3795
upa,3796
awaya,3797
menda,3798
silent,3799
speaka,3800
hatea,3801
peaceecclesiastes,3802
niv,3803
inspire,3804
whodies,3805
youbecause,3806
ash,3807
cough,3808
assortment,3809
sacred,3810
holy,3811
intensity,3812
crippling,3813
defense,3814
reserve,3815
bodythat,3816
fashion,3817
statement,3818
foreverlove,3819
gonelove,3820
mindedness,3821
monkwhen,3822
entiretyand,3823
youagainst,3824
morewhen,3825
rage,3826
mewhen,3827
job,3828
tires,3829
youlove,3830
melove,3831
boredwhen,3832
lastor,3833
pathetic,3834
havenot,3835
admirer,3836
withthe,3837
yourselfin,3838
solitudelove,3839
relish,3840
lonelinessthe,3841
anticipation,3842
deathmysteries,3843
mendslove,3844
memoryand,3845
recallimagine,3846
withered,3847
newlove,3848
foreverand,3849
impossiblea,3850
actby,3851
warrior,3852
hesitate,3853
weakest,3854
wicked,3855
scream,3856
upset,3857
worryim,3858
waters,3859
recede,3860
famine,3861
fallenso,3862
hardive,3863
shame,3864
cowardice,3865
selfhate,3866
general,3867
unseenand,3868
paralyzing,3869
achinglove,3870
bastard,3871
creatures,3872
evolve,3873
convey,3874
infants,3875
allall,3876
scary,3877
relate,3878
guarantee,3879
spoilt,3880
mental,3881
butyet,3882
buts,3883
ifs,3884
conditionless,3885
whim,3886
emotions,3887
hearteventually,3888
grafting,3889
limb,3890
cell,3891
graces,3892
deathto,3893
alli,3894
extra,3895
organ,3896
arenicer,3897
worthwritingabout,3898
unison,3899
gorgeous,3900
hag,3901
scented,3902
grazing,3903
justwant,3904
daybecause,3905
longand,3906
inan,3907
station,3908
areparked,3909
asleepdont,3910
thenthe,3911
anguish,3912
togetherthe,3913
smoke,3914
roams,3915
driftinto,3916
choking,3917
heartoh,3918
silhouette,3919
dissolveon,3920
beach,3921
flutterinto,3922
fora,3923
youllhave,3924
mazilyover,3925
youcome,3926
task,3927
proof,3928
preparation,3929
flattered,3930
kindle,3931
unreturned,3932
ignisfatuuslike,3933
miry,3934
wilds,3935
whence,3936
extrication,3937
tie,3938
shoelaces,3939
noah,3940
fringe,3941
goofiest,3942
plastered,3943
laces,3944
shoe,3945
falltoo,3946
worship,3947
pity,3948
rarely,3949
murderously,3950
example,3951
bank,3952
dutch,3953
penissucking,3954
parties,3955
rainy,3956
weather,3957
preoccupied,3958
lovewhich,3959
findsor,3960
removeo,3961
markthat,3962
shakenit,3963
barkwhose,3964
animals,3965
present,3966
tend,3967
gratuitous,3968
hustle,3969
additional,3970
greatly,3971
choices,3972
prospect,3973
marshes,3974
embodiment,3975
graceful,3976
acquainted,3977
london,3978
buildings,3979
displace,3980
influence,3981
estella,3982
associate,3983
faithfully,3984
distress,3985
timesbeing,3986
timestelling,3987
truthand,3988
highcause,3989
practiced,3990
poorly,3991
increasingly,3992
fellowship,3993
weak,3994
superfluous,3995
augustus,3996
thissure,3997
wishgod,3998
himi,3999
boys,4000
finance,4001
international,4002
ownit,4003
rely,4004
conquering,4005
behalf,4006
breakup,4007
afterwards,4008
angleit,4009
safer,4010
selfpreservation,4011
version,4012
holiness,4013
affections,4014
embroidered,4015
clothsenwrought,4016
lightthe,4017
clothsof,4018
lighti,4019
cloths,4020
feetbut,4021
dreamsi,4022
feettread,4023
softly,4024
tread,4025
threaten,4026
unsettle,4027
sarcastic,4028
cool,4029
glanced,4030
tableyou,4031
repeatedshe,4032
buchanan,4033
limitless,4034
suns,4035
wholl,4036
expert,4037
blurry,4038
maims,4039
cripples,4040
whiny,4041
pompous,4042
incredibly,4043
wolf,4044
scarlets,4045
levanas,4046
armyscarlet,4047
stiffened,4048
certainly,4049
insinuating,4050
aaaaw,4051
squealed,4052
iko,4053
scarlet,4054
cutescarlet,4055
cringed,4056
notthat,4057
balled,4058
fists,4059
soldiers,4060
pleaseis,4061
blushing,4062
blushingshes,4063
thorne,4064
shuffling,4065
cards,4066
flustered,4067
holidays,4068
birthdays,4069
lazy,4070
weekends,4071
fingertips,4072
desk,4073
vicious,4074
vulgar,4075
grasp,4076
craved,4077
nape,4078
sunshine,4079
secrets,4080
thorns,4081
eight,4082
planet,4083
partnerits,4084
murmuredits,4085
echo,4086
sunnys,4087
lovenow,4088
eleventh,4089
hourand,4090
reconcile,4091
melanie,4092
ian,4093
itwasnt,4094
evensane,4095
whispereddont,4096
goodbyebut,4097
wanderer,4098
worded,4099
dolphin,4100
comparisons,4101
photograph,4102
foolish,4103
confess,4104
togetherim,4105
officiallythis,4106
caesar,4107
aback,4108
timemaybe,4109
bitterly,4110
astonished,4111
martyrsfor,4112
religioni,4113
shuddered,4114
shudder,4115
martyred,4116
religionlove,4117
religionand,4118
thati,4119
youmy,4120
creed,4121
tenet,4122
perceive,4123
reflect,4124
juniors,4125
deli,4126
flatbush,4127
avenue,4128
brooklyn,4129
cheesecake,4130
momento,4131
dimestore,4132
incense,4133
burner,4134
yinyang,4135
symbols,4136
southwest,4137
convincingly,4138
exotic,4139
language,4140
ashes,4141
moustache,4142
dash,4143
bedroom,4144
pee,4145
casually,4146
assure,4147
unawakened,4148
tiger,4149
lily,4150
mermaids,4151
neverland,4152
odd,4153
jungle,4154
particle,4155
particles,4156
float,4157
tik,4158
tok,4159
nothings,4160
evidence,4161
sometime,4162
mealways,4163
peterps,4164
tink,4165
bug,4166
monster,4167
veered,4168
babies,4169
cities,4170
plane,4171
realityi,4172
humanly,4173
accustomed,4174
tight,4175
onell,4176
birds,4177
dragonflies,4178
pine,4179
specks,4180
sunbeams,4181
atoms,4182
sisterblood,4183
fullblown,4184
yetto,4185
nowadays,4186
concentrate,4187
happier,4188
spoil,4189
v,4190
nurtures,4191
extinguish,4192
village,4193
field,4194
pebble,4195
castle,4196
queen,4197
collect,4198
handfuls,4199
haironce,4200
fray,4201
carefree,4202
harsh,4203
lessons,4204
egos,4205
vanity,4206
distortions,4207
cloudy,4208
intensely,4209
layers,4210
opacity,4211
noweven,4212
daugher,4213
streetsan,4214
inch,4215
weepingashamed,4216
sentimentality,4217
andpossible,4218
lemon,4219
lemonade,4220
freaks,4221
circus,4222
apartment,4223
glorious,4224
forest,4225
pillow,4226
reservoir,4227
weatherman,4228
report,4229
boots,4230
amor,4231
fati,4232
yourselfas,4233
rainbowwith,4234
jake,4235
brett,4236
togetherahead,4237
policeman,4238
khaki,4239
traffic,4240
baton,4241
perpetual,4242
imaginative,4243
countries,4244
roof,4245
palace,4246
alina,4247
selfcenteredi,4248
selfcenter,4249
resenting,4250
substance,4251
alllike,4252
pissed,4253
plenty,4254
potato,4255
chips,4256
structured,4257
realise,4258
background,4259
everyones,4260
everybodys,4261
photos,4262
liveunless,4263
cheats,4264
colpo,4265
di,4266
fulmine,4267
thunderbolt,4268
italians,4269
lightning,4270
intense,4271
messycracking,4272
isirrevocably,4273
weaknesses,4274
explanation,4275
endless,4276
grandparents,4277
await,4278
desert,4279
unimportant,4280
evokes,4281
twin,4282
heaving,4283
explode,4284
revisit,4285
thisthis,4286
daysi,4287
herwithout,4288
questionwould,4289
heralways,4290
achievement,4291
pets,4292
jo,4293
gifts,4294
iwe,4295
twobefore,4296
timei,4297
yoursbefore,4298
knewand,4299
katsa,4300
barreling,4301
ronan,4302
straightadam,4303
vdayif,4304
commercialism,4305
artificial,4306
makeup,4307
unconditionally,4308
quality,4309
aroundwhats,4310
askedthat,4311
youwith,4312
sentence,4313
fortress,4314
camouflage,4315
forty,4316
valentines,4317
eighteen,4318
thirtythree,4319
fiftynine,4320
conform,4321
usual,4322
kismet,4323
rhapsody,4324
dateit,4325
spiritit,4326
outweigh,4327
feeding,4328
positive,4329
negative,4330
empathy,4331
humility,4332
generosity,4333
etc,4334
attract,4335
dog,4336
crow,4337
sightfor,4338
ideal,4339
gracei,4340
daysmost,4341
candlelighti,4342
freely,4343
righti,4344
purely,4345
praisei,4346
usein,4347
griefs,4348
faithi,4349
losewith,4350
saints,4351
breathsmiles,4352
choosei,4353
crumpled,4354
tossed,4355
grate,4356
scrawl,4357
hannah,4358
singed,4359
halfdestroyed,4360
parchment,4361
warn,4362
eloquent,4363
sincere,4364
amazed,4365
violently,4366
tenderly,4367
approve,4368
immoderate,4369
faint,4370
dry,4371
feast,4372
honey,4373
thighs,4374
foreigner,4375
borders,4376
citizen,4377
vibration,4378
radiated,4379
lesser,4380
symbolized,4381
serve,4382
actual,4383
execution,4384
intent,4385
socalled,4386
movies,4387
drastic,4388
unhappiness,4389
personality,4390
types,4391
tragic,4392
longed,4393
juan,4394
jay,4395
gatsby,4396
darcy,4397
rigid,4398
freak,4399
airport,4400
comedy,4401
valuable,4402
guysdepressive,4403
violent,4404
selfcentered,4405
rescue,4406
endeavor,4407
somebodyreally,4408
himit,4409
surgical,4410
needle,4411
sutured,4412
lacerating,4413
injury,4414
vibrant,4415
goaloriented,4416
validate,4417
reflections,4418
vapor,4419
innocent,4420
spurned,4421
eternity,4422
truest,4423
loveit,4424
compassionate,4425
nurturing,4426
generous,4427
encourage,4428
rock,4429
youshe,4430
defend,4431
slam,4432
enoughthats,4433
circumstancewell,4434
perfectionfrom,4435
unrealistic,4436
mans,4437
trash,4438
abscence,4439
isim,4440
laughedi,4441
sunbursts,4442
marble,4443
halls,4444
narrate,4445
event,4446
debts,4447
insecurity,4448
christmas,4449
exhausted,4450
depleted,4451
adorable,4452
devil,4453
husband,4454
bigness,4455
beingthere,4456
pigs,4457
foxes,4458
famecrazy,4459
gladness,4460
cook,4461
troubled,4462
soulbattles,4463
philosophical,4464
bodyshop,4465
doled,4466
jammed,4467
frightful,4468
vehemence,4469
stamping,4470
groaning,4471
paroxysm,4472
ungovernable,4473
therenot,4474
heavennot,4475
perishedwhere,4476
sufferings,4477
prayeri,4478
tongue,4479
stiffensmay,4480
stiffenscatherine,4481
eachof,4482
simmering,4483
torture,4484
gratitude,4485
sunless,4486
consciousness,4487
richness,4488
devoured,4489
bloodstream,4490
lizzy,4491
precisely,4492
officially,4493
alluringness,4494
townwith,4495
downspring,4496
winterhe,4497
didwomen,4498
menboth,4499
smallcared,4500
allthey,4501
sowed,4502
reaped,4503
samesun,4504
rainchildren,4505
guessedbut,4506
fewand,4507
grewautumn,4508
summerthat,4509
leafshe,4510
griefbird,4511
stillanyones,4512
hersomeones,4513
everyoneslaughed,4514
cryings,4515
dancesleep,4516
thentheysaid,4517
nevers,4518
dreamstars,4519
moonand,4520
explainhow,4521
apt,4522
rememberwith,4523
downone,4524
guessand,4525
stooped,4526
facebusy,4527
sidelittle,4528
wasall,4529
deepand,4530
sleepnoone,4531
aprilwish,4532
yeswomen,4533
dong,4534
dingsummer,4535
springreaped,4536
sowing,4537
camesun,4538
kitten,4539
slavery,4540
poisonous,4541
conventionally,4542
decency,4543
rotted,4544
fuel,4545
readymade,4546
cheap,4547
footprints,4548
backwards,4549
phonetically,4550
nowthe,4551
scolds,4552
ferris,4553
wheels,4554
tense,4555
worriedyou,4556
okayhe,4557
toes,4558
option,4559
uriah,4560
lynn,4561
marlene,4562
pistol,4563
conditions,4564
holder,4565
display,4566
verbal,4567
disgusted,4568
hallways,4569
classes,4570
annoyed,4571
slightest,4572
sappy,4573
subtly,4574
concise,4575
kiara,4576
blurts,4577
everyonewhy,4578
himbecause,4579
knee,4580
seein,4581
mornin,4582
cars,4583
crappy,4584
tofu,4585
tacos,4586
mexican,4587
argue,4588
westford,4589
thinkin,4590
comin,4591
makin,4592
chica,4593
breathingand,4594
beatingbetween,4595
everywherefilling,4596
whisperspleasehe,4597
thisand,4598
mehis,4599
softer,4600
snowfall,4601
cotton,4602
candy,4603
weightless,4604
itsso,4605
effortlessly,4606
sweetand,4607
changesoh,4608
godhe,4609
strongerdesperate,4610
peppermint,4611
reeling,4612
awayhes,4613
andhes,4614
brokeninside,4615
thathis,4616
andim,4617
fallingim,4618
disaster,4619
inconstancy,4620
proverbs,4621
fickleness,4622
menperhaps,4623
reference,4624
examples,4625
advantage,4626
education,4627
pathsilence,4628
prayerprayer,4629
faithfaith,4630
lovelove,4631
servicethe,4632
service,4633
downward,4634
motion,4635
dire,4636
reverse,4637
corner,4638
incarnation,4639
fleshand,4640
evasive,4641
timethere,4642
statistically,4643
percent,4644
suspicious,4645
cosmos,4646
succeed,4647
message,4648
pulsing,4649
irresistiblemagic,4650
sanest,4651
madmen,4652
seething,4653
brainssuch,4654
fantasies,4655
apprehendmore,4656
comprehendsthe,4657
lunatic,4658
poetare,4659
compactone,4660
devils,4661
holdthat,4662
madman,4663
franticsees,4664
helens,4665
egyptthe,4666
frenzy,4667
rollingdoth,4668
heavenand,4669
forththe,4670
penturns,4671
airy,4672
nothinga,4673
local,4674
habitation,4675
perverse,4676
cruelty,4677
favorite,4678
frustration,4679
authentic,4680
fake,4681
block,4682
mastery,4683
kindled,4684
heap,4685
platonic,4686
union,4687
fractures,4688
drenching,4689
soaking,4690
dries,4691
surface,4692
infected,4693
tiniest,4694
sliver,4695
smothered,4696
imaginable,4697
outwardly,4698
multiply,4699
possessiveness,4700
brokenness,4701
lovewill,4702
ofto,4703
seemcertain,4704
dreamthat,4705
kissfor,4706
isbut,4707
dreamy,4708
delighto,4709
outrightfor,4710
sayhave,4711
playand,4712
enoughif,4713
lovehe,4714
costfor,4715
obsess,4716
endedwhat,4717
differentlybut,4718
nick,4719
harper,4720
motivation,4721
imply,4722
manufacture,4723
generate,4724
main,4725
philosophies,4726
lessen,4727
subversive,4728
cynical,4729
meaningless,4730
